"CALL_ID","CUSTOMER_ID","CUSTOMER_NAME","CUSTOMER_EMAIL","QUEUE","LANG","CALL_START_TS","CALL_END_TS","DURATION_SEC","AGENT_ID","CHANNEL","RAW_TRANSCRIPT"
"CALL-001","CUST-0015","Nikolaos Karagiannis","nikolaos.karagiannis@outlook.com","technical_support","es","2025-06-18 09:37:00","2025-06-18 09:44:57","477","AGT-011","phone","Hi, I'm Nikolaos Karagiannis and I can't log into my account. I've tried resetting my password at nikolaos.karagiannis@outlook.com but I'm not receiving the reset link. My phone number is +30 6939958838."
"CALL-002","CUST-0004","Paraskevi Papadimitriou","paraskevi.papadimitriou@proton.me","general","el","2025-06-19 12:51:00","2025-06-19 12:51:51","51","AGT-008","phone","Hi, I'm Paraskevi Papadimitriou and I have a question about my account settings. My email on file is paraskevi.papadimitriou@proton.me and I'd like to verify my details are correct."
"CALL-003","CUST-0014","Georgios Stavridis","georgios.stavridis@gmail.com","cancellations","es","2025-06-02 15:34:00","2025-06-02 15:36:52","172","AGT-013","virtual_assistant","Hi, my name is Georgios Stavridis and I'd like to terminate my contract. I'm moving to Thessaloniki and won't need the service anymore. Please process this as soon as possible. My number is +30 6958181396."
"CALL-004","CUST-0009","Maria Oikonomou","maria.oikonomou@yahoo.gr","technical_support","en","2025-06-15 18:53:00","2025-06-15 18:59:58","418","AGT-005","virtual_assistant","This is Maria Oikonomou calling from Madrid. My virtual assistant keeps disconnecting during calls. It's been happening since 2025-06-03. Contact me at maria.oikonomou@yahoo.gr."
"CALL-005","CUST-0010","Chrysoula Alexopoulos","chrysoula.alexopoulos@company.com","technical_support","el","2025-06-21 16:14:00","2025-06-21 16:20:17","377","AGT-005","virtual_assistant","Hi, I'm Chrysoula Alexopoulos and I can't log into my account. I've tried resetting my password at chrysoula.alexopoulos@company.com but I'm not receiving the reset link. My phone number is +30 6942857966."
"CALL-006","CUST-0028","Spyridon Christodoulou","spyridon.christodoulou@outlook.com","sales","el","2025-06-05 12:08:00","2025-06-05 12:12:57","297","AGT-008","chat","I was referred by a colleague to look into your virtual assistant solution. My name is Spyridon Christodoulou, I'm the IT manager at a mid-size company. My contact is +30 6997971488."
"CALL-007","CUST-0018","Andreas Martinez","andreas.martinez@gmail.com","billing","en","2025-06-14 17:04:00","2025-06-14 17:11:19","439","AGT-003","chat","I'd like to dispute a charge. My name is Andreas Martinez, email andreas.martinez@gmail.com. The transaction on 2025-06-03 for 285 euros was not authorized by me."
"CALL-008","CUST-0015","Laura Mueller","laura.mueller@yahoo.gr","cancellations","en","2025-06-06 15:00:00","2025-06-06 15:05:14","314","AGT-007","virtual_assistant","I'm calling to cancel. I'm Laura Mueller, and frankly I'm very angry about the service. I want to speak to a manager. My account is under laura.mueller@yahoo.gr."
"CALL-009","CUST-0065","Chrysoula Papadimitriou","chrysoula.papadimitriou@outlook.com","technical_support","es","2025-06-01 17:20:00","2025-06-01 17:29:05","545","AGT-015","chat","Hi, I'm Chrysoula Papadimitriou and I can't log into my account. I've tried resetting my password at chrysoula.papadimitriou@outlook.com but I'm not receiving the reset link. My phone number is +30 6960185867."
"CALL-010","CUST-0073","Georgios Konstantinidis","georgios.konstantinidis@proton.me","billing","es","2025-06-16 16:10:00","2025-06-16 16:15:16","316","AGT-003","phone","I'd like to dispute a charge. My name is Georgios Konstantinidis, email georgios.konstantinidis@proton.me. The transaction on 2025-06-04 for 291 euros was not authorized by me."
"CALL-011","CUST-0052","Laura Antoniadis","laura.antoniadis@otenet.gr","sales","en","2025-06-03 13:01:00","2025-06-03 13:05:40","280","AGT-004","phone","I was referred by a colleague to look into your virtual assistant solution. My name is Laura Antoniadis, I'm the IT manager at a mid-size company. My contact is +30 6979467853."
"CALL-012","CUST-0005","Ahmed Christodoulou","ahmed.christodoulou@gmail.com","technical_support","el","2025-06-07 16:08:00","2025-06-07 16:16:49","529","AGT-008","chat","This is Ahmed Christodoulou calling from Paris. My virtual assistant keeps disconnecting during calls. It's been happening since 2025-06-05. Contact me at ahmed.christodoulou@gmail.com."
"CALL-013","CUST-0056","Vasiliki Theodoridis","vasiliki.theodoridis@otenet.gr","billing","es","2025-06-04 08:25:00","2025-06-04 08:31:32","392","AGT-011","chat","Hello, my name is Vasiliki Theodoridis and I'm calling about my last invoice. I was charged 113 euros but my plan should be 58. My account email is vasiliki.theodoridis@otenet.gr and my phone is +30 6972682989."
"CALL-014","CUST-0055","Aikaterini Karagiannis","aikaterini.karagiannis@otenet.gr","billing","el","2025-06-02 18:34:00","2025-06-02 18:35:00","60","AGT-002","chat","Hello, my name is Aikaterini Karagiannis and I'm calling about my last invoice. I was charged 100 euros but my plan should be 114. My account email is aikaterini.karagiannis@otenet.gr and my phone is +30 6943528453."
"CALL-015","CUST-0052","Maria Alexopoulos","maria.alexopoulos@otenet.gr","sales","el","2025-06-14 16:42:00","2025-06-14 16:51:03","543","AGT-005","virtual_assistant","Hello, I'm Maria Alexopoulos and I'm interested in upgrading my plan. I currently have the basic package but I need more capacity. My email is maria.alexopoulos@otenet.gr."
"CALL-016","CUST-0070","Maria Christodoulou","maria.christodoulou@gmail.com","general","el","2025-06-17 10:03:00","2025-06-17 10:12:25","565","AGT-015","chat","Hi, I'm Maria Christodoulou and I have a question about my account settings. My email on file is maria.christodoulou@gmail.com and I'd like to verify my details are correct."
"CALL-017","CUST-0052","Eleni Silva","eleni.silva@outlook.com","general","en","2025-06-14 18:37:00","2025-06-14 18:46:40","580","AGT-002","chat","This is Eleni Silva calling. I received a letter at my address in Larissa about a service change. Can you explain what's happening? My account number is CUST-0052."
"CALL-018","CUST-0051","Dimitrios Papandreou","dimitrios.papandreou@otenet.gr","billing","en","2025-06-19 09:04:00","2025-06-19 09:13:55","595","AGT-010","virtual_assistant","Hi, this is Dimitrios Papandreou. I need help with a payment issue. The charge on my card ending in 2127 doesn't match what I expected. You can reach me at dimitrios.papandreou@otenet.gr."
"CALL-019","CUST-0037","Aikaterini Makris","aikaterini.makris@company.com","general","es","2025-06-18 12:59:00","2025-06-18 13:01:31","151","AGT-001","chat","Hi, I'm Aikaterini Makris and I have a question about my account settings. My email on file is aikaterini.makris@company.com and I'd like to verify my details are correct."
"CALL-020","CUST-0078","Ioannis Christodoulou","ioannis.christodoulou@outlook.com","cancellations","es","2025-06-02 09:40:00","2025-06-02 09:47:58","478","AGT-005","virtual_assistant","Hi, my name is Ioannis Christodoulou and I'd like to terminate my contract. I'm moving to Athens and won't need the service anymore. Please process this as soon as possible. My number is +30 6995125977."
"CALL-021","CUST-0021","Isabel Makris","isabel.makris@company.com","general","en","2025-06-05 16:02:00","2025-06-05 16:09:03","423","AGT-002","phone","Hello, my name is Isabel Makris. I just want to confirm my appointment scheduled for 2025-05-31. You can reach me at +30 6967403166 or isabel.makris@company.com."
"CALL-022","CUST-0006","Vasiliki Papadimitriou","vasiliki.papadimitriou@proton.me","billing","el","2025-06-14 17:47:00","2025-06-14 17:50:23","203","AGT-015","chat","Hi, this is Vasiliki Papadimitriou. I need help with a payment issue. The charge on my card ending in 1406 doesn't match what I expected. You can reach me at vasiliki.papadimitriou@proton.me."
"CALL-023","CUST-0043","Hans Theodoridis","hans.theodoridis@proton.me","cancellations","en","2025-06-13 08:54:00","2025-06-13 09:02:46","526","AGT-002","chat","I want to cancel my subscription. This is Hans Theodoridis, account hans.theodoridis@proton.me. The service quality has been unacceptable and I've already contacted you three times about this issue."
"CALL-024","CUST-0029","Nikolaos Papadimitriou","nikolaos.papadimitriou@otenet.gr","cancellations","en","2025-06-21 16:25:00","2025-06-21 16:34:54","594","AGT-006","virtual_assistant","Hi, my name is Nikolaos Papadimitriou and I'd like to terminate my contract. I'm moving to Athens and won't need the service anymore. Please process this as soon as possible. My number is +30 6954058573."
"CALL-025","CUST-0005","Eleni Hassan","eleni.hassan@otenet.gr","cancellations","el","2025-06-04 14:57:00","2025-06-04 15:00:59","239","AGT-009","chat","Hi, my name is Eleni Hassan and I'd like to terminate my contract. I'm moving to Athens and won't need the service anymore. Please process this as soon as possible. My number is +30 6956397338."
"CALL-026","CUST-0026","Vasiliki Theodoridis","vasiliki.theodoridis@gmail.com","cancellations","es","2025-06-04 12:32:00","2025-06-04 12:38:01","361","AGT-011","virtual_assistant","I'm calling to cancel. I'm Vasiliki Theodoridis, and frankly I'm very angry about the service. I want to speak to a manager. My account is under vasiliki.theodoridis@gmail.com."
"CALL-027","CUST-0025","Evangelia Stavridis","evangelia.stavridis@proton.me","general","es","2025-06-18 08:19:00","2025-06-18 08:24:38","338","AGT-007","virtual_assistant","Hi, I'm Evangelia Stavridis and I have a question about my account settings. My email on file is evangelia.stavridis@proton.me and I'd like to verify my details are correct."
"CALL-028","CUST-0057","Laura Papadimitriou","laura.papadimitriou@company.com","technical_support","es","2025-06-17 18:40:00","2025-06-17 18:46:28","388","AGT-005","phone","Hi, I'm Laura Papadimitriou and I can't log into my account. I've tried resetting my password at laura.papadimitriou@company.com but I'm not receiving the reset link. My phone number is +30 6973509974."
"CALL-029","CUST-0006","Sofia Martinez","sofia.martinez@company.com","sales","el","2025-06-07 14:31:00","2025-06-07 14:38:34","454","AGT-010","chat","Hello, I'm Sofia Martinez and I'm interested in upgrading my plan. I currently have the basic package but I need more capacity. My email is sofia.martinez@company.com."
"CALL-030","CUST-0055","Sofia Alexopoulos","sofia.alexopoulos@proton.me","sales","en","2025-06-04 15:08:00","2025-06-04 15:16:40","520","AGT-004","chat","I was referred by a colleague to look into your virtual assistant solution. My name is Sofia Alexopoulos, I'm the IT manager at a mid-size company. My contact is +30 6979519112."
"CALL-031","CUST-0058","Aikaterini Martinez","aikaterini.martinez@otenet.gr","technical_support","es","2025-06-17 15:40:00","2025-06-17 15:44:49","289","AGT-013","virtual_assistant","Hello, my name is Aikaterini Martinez. The service has been down for two hours now. I need this resolved urgently. My reference number is CUST-0058 and you can call me at +30 6944788100."
"CALL-032","CUST-0043","Panagiotis Mueller","panagiotis.mueller@gmail.com","technical_support","en","2025-06-05 11:04:00","2025-06-05 11:11:49","469","AGT-012","virtual_assistant","I'm experiencing audio quality issues during my calls. I'm Panagiotis Mueller, customer ID CUST-0043. The problem started after the last update on 2025-06-04."
"CALL-033","CUST-0054","Christos Silva","christos.silva@proton.me","general","el","2025-06-12 12:48:00","2025-06-12 12:55:24","444","AGT-001","virtual_assistant","This is Christos Silva calling. I received a letter at my address in Heraklion about a service change. Can you explain what's happening? My account number is CUST-0054."
"CALL-034","CUST-0004","Christos Christodoulou","christos.christodoulou@proton.me","technical_support","el","2025-06-18 08:58:00","2025-06-18 09:05:28","448","AGT-010","phone","Hi, I'm Christos Christodoulou and I can't log into my account. I've tried resetting my password at christos.christodoulou@proton.me but I'm not receiving the reset link. My phone number is +30 6964266464."
"CALL-035","CUST-0024","Maria Karagiannis","maria.karagiannis@otenet.gr","technical_support","el","2025-06-13 12:48:00","2025-06-13 12:55:56","476","AGT-006","virtual_assistant","Hello, my name is Maria Karagiannis. The service has been down for two hours now. I need this resolved urgently. My reference number is CUST-0024 and you can call me at +30 6953936531."
"CALL-036","CUST-0029","Marco Konstantinidis","marco.konstantinidis@proton.me","billing","en","2025-06-01 17:09:00","2025-06-01 17:13:49","289","AGT-014","phone","Hi, this is Marco Konstantinidis. I need help with a payment issue. The charge on my card ending in 4571 doesn't match what I expected. You can reach me at marco.konstantinidis@proton.me."
"CALL-037","CUST-0033","Pierre Antoniadis","pierre.antoniadis@outlook.com","general","es","2025-06-06 12:06:00","2025-06-06 12:07:11","71","AGT-002","chat","This is Pierre Antoniadis calling. I received a letter at my address in Berlin about a service change. Can you explain what's happening? My account number is CUST-0033."
"CALL-038","CUST-0032","Eleni Papandreou","eleni.papandreou@proton.me","billing","es","2025-06-18 14:42:00","2025-06-18 14:49:04","424","AGT-006","phone","Hello, my name is Eleni Papandreou and I'm calling about my last invoice. I was charged 21 euros but my plan should be 117. My account email is eleni.papandreou@proton.me and my phone is +30 6990585882."
"CALL-039","CUST-0047","Marco Makris","marco.makris@proton.me","sales","en","2025-06-21 12:39:00","2025-06-21 12:48:56","596","AGT-009","chat","Hi there, this is Marco Makris from Paris. I'd like to get a quote for the enterprise solution. We have about 72 agents in our call center. Reach me at marco.makris@proton.me."
"CALL-040","CUST-0012","Konstantinos Makris","konstantinos.makris@outlook.com","general","es","2025-06-11 08:31:00","2025-06-11 08:37:17","377","AGT-007","chat","Hi, I'm Konstantinos Makris and I have a question about my account settings. My email on file is konstantinos.makris@outlook.com and I'd like to verify my details are correct."
"CALL-041","CUST-0077","Carlos Karagiannis","carlos.karagiannis@company.com","general","en","2025-06-14 15:35:00","2025-06-14 15:39:51","291","AGT-004","phone","Hello, my name is Carlos Karagiannis. I just want to confirm my appointment scheduled for 2025-06-06. You can reach me at +30 6911362459 or carlos.karagiannis@company.com."
"CALL-042","CUST-0012","Anna Oikonomou","anna.oikonomou@otenet.gr","cancellations","es","2025-06-16 16:33:00","2025-06-16 16:39:37","397","AGT-006","chat","Hi, my name is Anna Oikonomou and I'd like to terminate my contract. I'm moving to Madrid and won't need the service anymore. Please process this as soon as possible. My number is +30 6942655866."
"CALL-043","CUST-0033","Sofia Nikolaou","sofia.nikolaou@proton.me","cancellations","en","2025-06-06 11:13:00","2025-06-06 11:22:00","540","AGT-009","chat","Hi, my name is Sofia Nikolaou and I'd like to terminate my contract. I'm moving to Larissa and won't need the service anymore. Please process this as soon as possible. My number is +30 6935848226."
"CALL-044","CUST-0023","Anna Papadopoulos","anna.papadopoulos@proton.me","technical_support","el","2025-06-18 12:44:00","2025-06-18 12:46:54","174","AGT-001","phone","I'm experiencing audio quality issues during my calls. I'm Anna Papadopoulos, customer ID CUST-0023. The problem started after the last update on 2025-06-10."
"CALL-045","CUST-0057","Panagiotis Alexopoulos","panagiotis.alexopoulos@gmail.com","sales","en","2025-06-16 09:36:00","2025-06-16 09:37:39","99","AGT-007","phone","Hello, I'm Panagiotis Alexopoulos and I'm interested in upgrading my plan. I currently have the basic package but I need more capacity. My email is panagiotis.alexopoulos@gmail.com."
"CALL-046","CUST-0072","Pierre Theodoridis","pierre.theodoridis@company.com","general","en","2025-06-15 15:19:00","2025-06-15 15:27:04","484","AGT-007","chat","This is Pierre Theodoridis calling. I received a letter at my address in Athens about a service change. Can you explain what's happening? My account number is CUST-0072."
"CALL-047","CUST-0028","Konstantinos Konstantinidis","konstantinos.konstantinidis@outlook.com","technical_support","es","2025-06-01 14:28:00","2025-06-01 14:36:46","526","AGT-003","phone","Hello, my name is Konstantinos Konstantinidis. The service has been down for two hours now. I need this resolved urgently. My reference number is CUST-0028 and you can call me at +30 6942194159."
"CALL-048","CUST-0010","Laura Oikonomou","laura.oikonomou@yahoo.gr","general","es","2025-06-04 16:14:00","2025-06-04 16:17:17","197","AGT-007","phone","This is Laura Oikonomou calling. I received a letter at my address in Patras about a service change. Can you explain what's happening? My account number is CUST-0010."
"CALL-049","CUST-0077","Isabel Silva","isabel.silva@yahoo.gr","billing","el","2025-06-13 12:32:00","2025-06-13 12:41:57","597","AGT-005","chat","I'd like to dispute a charge. My name is Isabel Silva, email isabel.silva@yahoo.gr. The transaction on 2025-06-06 for 56 euros was not authorized by me."
"CALL-050","CUST-0042","Chrysoula Karagiannis","chrysoula.karagiannis@gmail.com","technical_support","es","2025-06-01 18:52:00","2025-06-01 18:57:20","320","AGT-010","chat","Hi, I'm Chrysoula Karagiannis and I can't log into my account. I've tried resetting my password at chrysoula.karagiannis@gmail.com but I'm not receiving the reset link. My phone number is +30 6922257687."
"CALL-051","CUST-0075","Evangelia Martinez","evangelia.martinez@gmail.com","cancellations","el","2025-06-04 10:21:00","2025-06-04 10:28:46","466","AGT-006","virtual_assistant","I'm calling to cancel. I'm Evangelia Martinez, and frankly I'm very angry about the service. I want to speak to a manager. My account is under evangelia.martinez@gmail.com."
"CALL-052","CUST-0005","Alexandros Konstantinidis","alexandros.konstantinidis@yahoo.gr","cancellations","en","2025-06-17 08:42:00","2025-06-17 08:52:00","600","AGT-014","virtual_assistant","Hi, my name is Alexandros Konstantinidis and I'd like to terminate my contract. I'm moving to Berlin and won't need the service anymore. Please process this as soon as possible. My number is +30 6943876400."
"CALL-053","CUST-0064","Marco Makris","marco.makris@gmail.com","cancellations","es","2025-06-10 15:56:00","2025-06-10 16:05:01","541","AGT-015","phone","I want to cancel my subscription. This is Marco Makris, account marco.makris@gmail.com. The service quality has been unacceptable and I've already contacted you three times about this issue."
"CALL-054","CUST-0040","Paraskevi Papadopoulos","paraskevi.papadopoulos@company.com","billing","en","2025-06-04 18:53:00","2025-06-04 18:56:22","202","AGT-008","phone","I'd like to dispute a charge. My name is Paraskevi Papadopoulos, email paraskevi.papadopoulos@company.com. The transaction on 2025-05-28 for 275 euros was not authorized by me."
"CALL-055","CUST-0061","Sofia Makris","sofia.makris@company.com","sales","en","2025-06-05 09:17:00","2025-06-05 09:24:49","469","AGT-009","chat","Hi there, this is Sofia Makris from Larissa. I'd like to get a quote for the enterprise solution. We have about 160 agents in our call center. Reach me at sofia.makris@company.com."
"CALL-056","CUST-0075","Laura Martinez","laura.martinez@outlook.com","general","el","2025-06-18 16:24:00","2025-06-18 16:32:31","511","AGT-006","virtual_assistant","This is Laura Martinez calling. I received a letter at my address in Heraklion about a service change. Can you explain what's happening? My account number is CUST-0075."
"CALL-057","CUST-0006","Panagiotis Martinez","panagiotis.martinez@proton.me","sales","es","2025-06-16 08:08:00","2025-06-16 08:17:19","559","AGT-003","chat","I was referred by a colleague to look into your virtual assistant solution. My name is Panagiotis Martinez, I'm the IT manager at a mid-size company. My contact is +30 6961167978."
"CALL-058","CUST-0002","Isabel Vasileiou","isabel.vasileiou@otenet.gr","technical_support","en","2025-06-09 13:39:00","2025-06-09 13:46:32","452","AGT-013","virtual_assistant","Hi, I'm Isabel Vasileiou and I can't log into my account. I've tried resetting my password at isabel.vasileiou@otenet.gr but I'm not receiving the reset link. My phone number is +30 6997883261."
"CALL-059","CUST-0063","Ahmed Mueller","ahmed.mueller@gmail.com","billing","en","2025-06-10 11:47:00","2025-06-10 11:49:17","137","AGT-011","chat","I'd like to dispute a charge. My name is Ahmed Mueller, email ahmed.mueller@gmail.com. The transaction on 2025-06-02 for 339 euros was not authorized by me."
"CALL-060","CUST-0039","Nikolaos Georgiou","nikolaos.georgiou@yahoo.gr","cancellations","el","2025-06-05 11:33:00","2025-06-05 11:40:46","466","AGT-007","virtual_assistant","I'm calling to cancel. I'm Nikolaos Georgiou, and frankly I'm very angry about the service. I want to speak to a manager. My account is under nikolaos.georgiou@yahoo.gr."
"CALL-061","CUST-0080","Laura Oikonomou","laura.oikonomou@otenet.gr","technical_support","en","2025-06-09 15:16:00","2025-06-09 15:16:54","54","AGT-011","virtual_assistant","I'm experiencing audio quality issues during my calls. I'm Laura Oikonomou, customer ID CUST-0080. The problem started after the last update on 2025-06-01."
"CALL-062","CUST-0076","Anna Theodoridis","anna.theodoridis@proton.me","sales","el","2025-06-16 09:15:00","2025-06-16 09:22:15","435","AGT-007","phone","I was referred by a colleague to look into your virtual assistant solution. My name is Anna Theodoridis, I'm the IT manager at a mid-size company. My contact is +30 6943567615."
"CALL-063","CUST-0051","Konstantinos Papadopoulos","konstantinos.papadopoulos@company.com","general","es","2025-06-10 11:38:00","2025-06-10 11:44:45","405","AGT-014","virtual_assistant","Hi, I'm Konstantinos Papadopoulos and I have a question about my account settings. My email on file is konstantinos.papadopoulos@company.com and I'd like to verify my details are correct."
"CALL-064","CUST-0006","Anna Makris","anna.makris@gmail.com","cancellations","es","2025-06-10 13:47:00","2025-06-10 13:54:50","470","AGT-002","phone","I want to cancel my subscription. This is Anna Makris, account anna.makris@gmail.com. The service quality has been unacceptable and I've already contacted you three times about this issue."
"CALL-065","CUST-0035","Fatima Alexopoulos","fatima.alexopoulos@yahoo.gr","cancellations","es","2025-06-04 15:04:00","2025-06-04 15:07:09","189","AGT-013","virtual_assistant","I want to cancel my subscription. This is Fatima Alexopoulos, account fatima.alexopoulos@yahoo.gr. The service quality has been unacceptable and I've already contacted you three times about this issue."
"CALL-066","CUST-0002","Konstantinos Mueller","konstantinos.mueller@gmail.com","cancellations","es","2025-06-09 17:24:00","2025-06-09 17:31:05","425","AGT-011","chat","I want to cancel my subscription. This is Konstantinos Mueller, account konstantinos.mueller@gmail.com. The service quality has been unacceptable and I've already contacted you three times about this issue."
"CALL-067","CUST-0009","Marco Makris","marco.makris@proton.me","sales","en","2025-06-02 12:31:00","2025-06-02 12:33:43","163","AGT-001","phone","Hello, I'm Marco Makris and I'm interested in upgrading my plan. I currently have the basic package but I need more capacity. My email is marco.makris@proton.me."
"CALL-068","CUST-0070","Evangelia Silva","evangelia.silva@proton.me","sales","es","2025-06-16 17:26:00","2025-06-16 17:31:31","331","AGT-014","phone","Hello, I'm Evangelia Silva and I'm interested in upgrading my plan. I currently have the basic package but I need more capacity. My email is evangelia.silva@proton.me."
"CALL-069","CUST-0013","Laura Antoniadis","laura.antoniadis@company.com","cancellations","en","2025-06-07 09:54:00","2025-06-07 10:02:30","510","AGT-005","virtual_assistant","I want to cancel my subscription. This is Laura Antoniadis, account laura.antoniadis@company.com. The service quality has been unacceptable and I've already contacted you three times about this issue."
"CALL-070","CUST-0032","Dimitrios Silva","dimitrios.silva@outlook.com","general","en","2025-06-08 13:49:00","2025-06-08 13:52:16","196","AGT-004","chat","Hello, my name is Dimitrios Silva. I just want to confirm my appointment scheduled for 2025-05-30. You can reach me at +30 6919208698 or dimitrios.silva@outlook.com."
"CALL-071","CUST-0023","Eleni Papadopoulos","eleni.papadopoulos@outlook.com","cancellations","en","2025-06-01 10:16:00","2025-06-01 10:17:38","98","AGT-006","chat","I want to cancel my subscription. This is Eleni Papadopoulos, account eleni.papadopoulos@outlook.com. The service quality has been unacceptable and I've already contacted you three times about this issue."
"CALL-072","CUST-0047","Andreas Silva","andreas.silva@gmail.com","general","en","2025-06-17 12:29:00","2025-06-17 12:30:16","76","AGT-001","chat","Hi, I'm Andreas Silva and I have a question about my account settings. My email on file is andreas.silva@gmail.com and I'd like to verify my details are correct."
"CALL-073","CUST-0057","Georgios Konstantinidis","georgios.konstantinidis@yahoo.gr","technical_support","en","2025-06-20 18:37:00","2025-06-20 18:43:17","377","AGT-005","phone","I'm experiencing audio quality issues during my calls. I'm Georgios Konstantinidis, customer ID CUST-0057. The problem started after the last update on 2025-06-18."
"CALL-074","CUST-0015","Ahmed Mueller","ahmed.mueller@proton.me","sales","el","2025-06-11 15:25:00","2025-06-11 15:32:50","470","AGT-007","phone","I was referred by a colleague to look into your virtual assistant solution. My name is Ahmed Mueller, I'm the IT manager at a mid-size company. My contact is +30 6938859907."
"CALL-075","CUST-0048","Dimitrios Martinez","dimitrios.martinez@gmail.com","billing","en","2025-06-12 10:35:00","2025-06-12 10:36:46","106","AGT-002","virtual_assistant","Good morning, I'm Dimitrios Martinez from Thessaloniki. I received a duplicate charge of 225 euros on my account. My customer number is CUST-0048 and my contact is +30 6922243983."
"CALL-076","CUST-0007","Anna Hassan","anna.hassan@yahoo.gr","billing","es","2025-06-05 18:30:00","2025-06-05 18:34:34","274","AGT-004","chat","Hello, my name is Anna Hassan and I'm calling about my last invoice. I was charged 299 euros but my plan should be 104. My account email is anna.hassan@yahoo.gr and my phone is +30 6957197152."
"CALL-077","CUST-0074","Sofia Theodoridis","sofia.theodoridis@company.com","general","es","2025-06-01 17:59:00","2025-06-01 18:04:18","318","AGT-009","chat","Hi, I'm Sofia Theodoridis and I have a question about my account settings. My email on file is sofia.theodoridis@company.com and I'd like to verify my details are correct."
"CALL-078","CUST-0001","Aikaterini Vasileiou","aikaterini.vasileiou@company.com","sales","en","2025-06-21 08:05:00","2025-06-21 08:14:48","588","AGT-012","phone","Hello, I'm Aikaterini Vasileiou and I'm interested in upgrading my plan. I currently have the basic package but I need more capacity. My email is aikaterini.vasileiou@company.com."
"CALL-079","CUST-0040","Isabel Christodoulou","isabel.christodoulou@company.com","billing","en","2025-06-20 08:43:00","2025-06-20 08:45:08","128","AGT-003","phone","Good morning, I'm Isabel Christodoulou from Paris. I received a duplicate charge of 232 euros on my account. My customer number is CUST-0040 and my contact is +30 6990023800."
"CALL-080","CUST-0028","Pierre Dubois","pierre.dubois@gmail.com","sales","en","2025-06-19 15:33:00","2025-06-19 15:39:00","360","AGT-011","virtual_assistant","Hello, I'm Pierre Dubois and I'm interested in upgrading my plan. I currently have the basic package but I need more capacity. My email is pierre.dubois@gmail.com."
"CALL-081","CUST-0039","Ioannis Vasileiou","ioannis.vasileiou@yahoo.gr","cancellations","en","2025-06-14 10:08:00","2025-06-14 10:15:14","434","AGT-008","phone","I'm calling to cancel. I'm Ioannis Vasileiou, and frankly I'm very angry about the service. I want to speak to a manager. My account is under ioannis.vasileiou@yahoo.gr."
"CALL-082","CUST-0006","Evangelia Papadopoulos","evangelia.papadopoulos@otenet.gr","cancellations","es","2025-06-13 18:26:00","2025-06-13 18:31:41","341","AGT-010","virtual_assistant","I want to cancel my subscription. This is Evangelia Papadopoulos, account evangelia.papadopoulos@otenet.gr. The service quality has been unacceptable and I've already contacted you three times about this issue."
"CALL-083","CUST-0059","Fatima Antoniadis","fatima.antoniadis@gmail.com","billing","en","2025-06-13 16:05:00","2025-06-13 16:12:30","450","AGT-010","virtual_assistant","Good morning, I'm Fatima Antoniadis from Madrid. I received a duplicate charge of 128 euros on my account. My customer number is CUST-0059 and my contact is +30 6968614462."
"CALL-084","CUST-0015","Andreas Dubois","andreas.dubois@outlook.com","cancellations","es","2025-06-05 11:06:00","2025-06-05 11:09:14","194","AGT-014","chat","Hi, my name is Andreas Dubois and I'd like to terminate my contract. I'm moving to Heraklion and won't need the service anymore. Please process this as soon as possible. My number is +30 6956892354."
"CALL-085","CUST-0010","Aikaterini Martinez","aikaterini.martinez@otenet.gr","general","el","2025-06-19 18:40:00","2025-06-19 18:46:15","375","AGT-015","chat","Hello, my name is Aikaterini Martinez. I just want to confirm my appointment scheduled for 2025-06-11. You can reach me at +30 6985663295 or aikaterini.martinez@otenet.gr."
"CALL-086","CUST-0039","Hans Karagiannis","hans.karagiannis@company.com","cancellations","es","2025-06-15 15:02:00","2025-06-15 15:03:43","103","AGT-005","phone","Hi, my name is Hans Karagiannis and I'd like to terminate my contract. I'm moving to Larissa and won't need the service anymore. Please process this as soon as possible. My number is +30 6917539294."
"CALL-087","CUST-0065","Christos Makris","christos.makris@company.com","billing","el","2025-06-07 13:38:00","2025-06-07 13:46:52","532","AGT-011","chat","Hi, this is Christos Makris. I need help with a payment issue. The charge on my card ending in 6626 doesn't match what I expected. You can reach me at christos.makris@company.com."
"CALL-088","CUST-0065","Marco Alexopoulos","marco.alexopoulos@gmail.com","sales","el","2025-06-20 10:23:00","2025-06-20 10:30:06","426","AGT-009","chat","Hi there, this is Marco Alexopoulos from Berlin. I'd like to get a quote for the enterprise solution. We have about 171 agents in our call center. Reach me at marco.alexopoulos@gmail.com."
"CALL-089","CUST-0043","Georgios Christodoulou","georgios.christodoulou@gmail.com","sales","el","2025-06-20 10:21:00","2025-06-20 10:23:08","128","AGT-012","virtual_assistant","I was referred by a colleague to look into your virtual assistant solution. My name is Georgios Christodoulou, I'm the IT manager at a mid-size company. My contact is +30 6984888554."
"CALL-090","CUST-0011","Anna Mueller","anna.mueller@otenet.gr","cancellations","en","2025-06-17 09:41:00","2025-06-17 09:48:58","478","AGT-012","chat","I'm calling to cancel. I'm Anna Mueller, and frankly I'm very angry about the service. I want to speak to a manager. My account is under anna.mueller@otenet.gr."
"CALL-091","CUST-0044","Pierre Martinez","pierre.martinez@outlook.com","technical_support","en","2025-06-04 16:49:00","2025-06-04 16:58:57","597","AGT-005","phone","Hi, I'm Pierre Martinez and I can't log into my account. I've tried resetting my password at pierre.martinez@outlook.com but I'm not receiving the reset link. My phone number is +30 6940406092."
"CALL-092","CUST-0024","Fatima Hassan","fatima.hassan@outlook.com","billing","el","2025-06-08 15:39:00","2025-06-08 15:44:36","336","AGT-011","virtual_assistant","I'd like to dispute a charge. My name is Fatima Hassan, email fatima.hassan@outlook.com. The transaction on 2025-05-26 for 288 euros was not authorized by me."
"CALL-093","CUST-0025","Vasiliki Silva","vasiliki.silva@otenet.gr","cancellations","el","2025-06-14 10:52:00","2025-06-14 10:56:09","249","AGT-009","chat","I'm calling to cancel. I'm Vasiliki Silva, and frankly I'm very angry about the service. I want to speak to a manager. My account is under vasiliki.silva@otenet.gr."
"CALL-094","CUST-0071","Eleni Dubois","eleni.dubois@gmail.com","billing","en","2025-06-17 10:53:00","2025-06-17 11:01:12","492","AGT-008","virtual_assistant","Hello, my name is Eleni Dubois and I'm calling about my last invoice. I was charged 245 euros but my plan should be 99. My account email is eleni.dubois@gmail.com and my phone is +30 6948260510."
"CALL-095","CUST-0051","Andreas Antoniadis","andreas.antoniadis@outlook.com","billing","el","2025-06-11 09:53:00","2025-06-11 09:59:28","388","AGT-001","phone","Hi, this is Andreas Antoniadis. I need help with a payment issue. The charge on my card ending in 8740 doesn't match what I expected. You can reach me at andreas.antoniadis@outlook.com."
"CALL-096","CUST-0061","Alexandros Hassan","alexandros.hassan@gmail.com","billing","el","2025-06-05 16:46:00","2025-06-05 16:55:45","585","AGT-014","phone","I'd like to dispute a charge. My name is Alexandros Hassan, email alexandros.hassan@gmail.com. The transaction on 2025-06-03 for 162 euros was not authorized by me."
"CALL-097","CUST-0031","Evangelia Hassan","evangelia.hassan@otenet.gr","billing","el","2025-06-01 18:32:00","2025-06-01 18:36:52","292","AGT-009","chat","Hi, this is Evangelia Hassan. I need help with a payment issue. The charge on my card ending in 6780 doesn't match what I expected. You can reach me at evangelia.hassan@otenet.gr."
"CALL-098","CUST-0054","Aikaterini Konstantinidis","aikaterini.konstantinidis@company.com","billing","es","2025-06-17 16:01:00","2025-06-17 16:08:24","444","AGT-009","chat","I'd like to dispute a charge. My name is Aikaterini Konstantinidis, email aikaterini.konstantinidis@company.com. The transaction on 2025-06-12 for 340 euros was not authorized by me."
"CALL-099","CUST-0046","Hans Konstantinidis","hans.konstantinidis@yahoo.gr","billing","es","2025-06-11 10:02:00","2025-06-11 10:08:45","405","AGT-013","chat","Good morning, I'm Hans Konstantinidis from Patras. I received a duplicate charge of 252 euros on my account. My customer number is CUST-0046 and my contact is +30 6942363373."
"CALL-100","CUST-0018","Georgios Makris","georgios.makris@gmail.com","technical_support","en","2025-06-02 13:59:00","2025-06-02 14:05:02","362","AGT-015","phone","I'm experiencing audio quality issues during my calls. I'm Georgios Makris, customer ID CUST-0018. The problem started after the last update on 2025-05-28."
"CALL-101","CUST-0007","Ahmed Christodoulou","ahmed.christodoulou@yahoo.gr","cancellations","el","2025-06-15 14:21:00","2025-06-15 14:24:56","236","AGT-012","virtual_assistant","Hi, my name is Ahmed Christodoulou and I'd like to terminate my contract. I'm moving to Paris and won't need the service anymore. Please process this as soon as possible. My number is +30 6926706752."
"CALL-102","CUST-0055","Georgios Theodoridis","georgios.theodoridis@company.com","general","el","2025-06-03 13:42:00","2025-06-03 13:47:47","347","AGT-002","virtual_assistant","This is Georgios Theodoridis calling. I received a letter at my address in Paris about a service change. Can you explain what's happening? My account number is CUST-0055."
"CALL-103","CUST-0057","Vasiliki Makris","vasiliki.makris@gmail.com","general","el","2025-06-02 09:42:00","2025-06-02 09:49:40","460","AGT-011","virtual_assistant","This is Vasiliki Makris calling. I received a letter at my address in Patras about a service change. Can you explain what's happening? My account number is CUST-0057."
"CALL-104","CUST-0009","Sofia Antoniadis","sofia.antoniadis@yahoo.gr","general","en","2025-06-15 13:23:00","2025-06-15 13:31:19","499","AGT-003","chat","Hi, I'm Sofia Antoniadis and I have a question about my account settings. My email on file is sofia.antoniadis@yahoo.gr and I'd like to verify my details are correct."
"CALL-105","CUST-0036","Sofia Nikolaou","sofia.nikolaou@gmail.com","sales","es","2025-06-18 09:16:00","2025-06-18 09:21:11","311","AGT-015","virtual_assistant","I was referred by a colleague to look into your virtual assistant solution. My name is Sofia Nikolaou, I'm the IT manager at a mid-size company. My contact is +30 6934970946."
"CALL-106","CUST-0026","Eleni Vasileiou","eleni.vasileiou@gmail.com","technical_support","es","2025-06-11 18:22:00","2025-06-11 18:23:51","111","AGT-002","virtual_assistant","Hello, my name is Eleni Vasileiou. The service has been down for two hours now. I need this resolved urgently. My reference number is CUST-0026 and you can call me at +30 6970672142."
"CALL-107","CUST-0066","Sofia Nikolaou","sofia.nikolaou@outlook.com","technical_support","el","2025-06-18 17:23:00","2025-06-18 17:31:43","523","AGT-006","phone","This is Sofia Nikolaou calling from Thessaloniki. My virtual assistant keeps disconnecting during calls. It's been happening since 2025-06-06. Contact me at sofia.nikolaou@outlook.com."
"CALL-108","CUST-0062","Andreas Theodoridis","andreas.theodoridis@otenet.gr","billing","en","2025-06-03 15:29:00","2025-06-03 15:38:34","574","AGT-011","virtual_assistant","Good morning, I'm Andreas Theodoridis from Patras. I received a duplicate charge of 297 euros on my account. My customer number is CUST-0062 and my contact is +30 6987161840."
"CALL-109","CUST-0056","Andreas Georgiou","andreas.georgiou@gmail.com","technical_support","el","2025-06-11 11:22:00","2025-06-11 11:31:36","576","AGT-003","phone","Hello, my name is Andreas Georgiou. The service has been down for two hours now. I need this resolved urgently. My reference number is CUST-0056 and you can call me at +30 6979538491."
"CALL-110","CUST-0039","Chrysoula Mueller","chrysoula.mueller@gmail.com","technical_support","es","2025-06-06 18:39:00","2025-06-06 18:45:30","390","AGT-003","chat","Hi, I'm Chrysoula Mueller and I can't log into my account. I've tried resetting my password at chrysoula.mueller@gmail.com but I'm not receiving the reset link. My phone number is +30 6977454225."
"CALL-111","CUST-0074","Evangelia Hassan","evangelia.hassan@proton.me","sales","es","2025-06-21 12:30:00","2025-06-21 12:34:55","295","AGT-005","chat","I was referred by a colleague to look into your virtual assistant solution. My name is Evangelia Hassan, I'm the IT manager at a mid-size company. My contact is +30 6914064904."
"CALL-112","CUST-0021","Alexandros Theodoridis","alexandros.theodoridis@otenet.gr","technical_support","el","2025-06-11 13:46:00","2025-06-11 13:52:38","398","AGT-003","chat","I'm experiencing audio quality issues during my calls. I'm Alexandros Theodoridis, customer ID CUST-0021. The problem started after the last update on 2025-06-05."
"CALL-113","CUST-0060","Eleni Karagiannis","eleni.karagiannis@otenet.gr","technical_support","en","2025-06-13 17:26:00","2025-06-13 17:30:59","299","AGT-005","phone","This is Eleni Karagiannis calling from Madrid. My virtual assistant keeps disconnecting during calls. It's been happening since 2025-06-09. Contact me at eleni.karagiannis@otenet.gr."
"CALL-114","CUST-0064","Andreas Makris","andreas.makris@otenet.gr","sales","en","2025-06-17 15:15:00","2025-06-17 15:19:25","265","AGT-007","phone","I was referred by a colleague to look into your virtual assistant solution. My name is Andreas Makris, I'm the IT manager at a mid-size company. My contact is +30 6951411602."
"CALL-115","CUST-0061","Anna Mueller","anna.mueller@gmail.com","sales","en","2025-06-12 14:23:00","2025-06-12 14:24:31","91","AGT-012","virtual_assistant","Hi there, this is Anna Mueller from Athens. I'd like to get a quote for the enterprise solution. We have about 151 agents in our call center. Reach me at anna.mueller@gmail.com."
"CALL-116","CUST-0037","Georgios Stavridis","georgios.stavridis@company.com","general","el","2025-06-20 09:08:00","2025-06-20 09:10:24","144","AGT-011","chat","This is Georgios Stavridis calling. I received a letter at my address in Madrid about a service change. Can you explain what's happening? My account number is CUST-0037."
"CALL-117","CUST-0026","Chrysoula Dubois","chrysoula.dubois@otenet.gr","billing","en","2025-06-11 15:33:00","2025-06-11 15:41:32","512","AGT-003","phone","Hi, this is Chrysoula Dubois. I need help with a payment issue. The charge on my card ending in 6218 doesn't match what I expected. You can reach me at chrysoula.dubois@otenet.gr."
"CALL-118","CUST-0079","Isabel Papandreou","isabel.papandreou@company.com","general","es","2025-06-19 12:30:00","2025-06-19 12:31:02","62","AGT-008","chat","This is Isabel Papandreou calling. I received a letter at my address in Madrid about a service change. Can you explain what's happening? My account number is CUST-0079."
"CALL-119","CUST-0004","Chrysoula Martinez","chrysoula.martinez@yahoo.gr","general","es","2025-06-02 17:30:00","2025-06-02 17:33:39","219","AGT-012","phone","Hello, my name is Chrysoula Martinez. I just want to confirm my appointment scheduled for 2025-06-01. You can reach me at +30 6997991930 or chrysoula.martinez@yahoo.gr."
"CALL-120","CUST-0015","Ioannis Papadopoulos","ioannis.papadopoulos@otenet.gr","sales","en","2025-06-07 14:32:00","2025-06-07 14:40:47","527","AGT-012","virtual_assistant","I was referred by a colleague to look into your virtual assistant solution. My name is Ioannis Papadopoulos, I'm the IT manager at a mid-size company. My contact is +30 6952103092."
"CALL-121","CUST-0062","Andreas Stavridis","andreas.stavridis@yahoo.gr","sales","es","2025-06-12 18:49:00","2025-06-12 18:54:15","315","AGT-009","virtual_assistant","I was referred by a colleague to look into your virtual assistant solution. My name is Andreas Stavridis, I'm the IT manager at a mid-size company. My contact is +30 6933244151."
"CALL-122","CUST-0029","Anna Papandreou","anna.papandreou@proton.me","sales","el","2025-06-18 12:18:00","2025-06-18 12:20:49","169","AGT-006","virtual_assistant","I was referred by a colleague to look into your virtual assistant solution. My name is Anna Papandreou, I'm the IT manager at a mid-size company. My contact is +30 6937820354."
"CALL-123","CUST-0037","Carlos Konstantinidis","carlos.konstantinidis@yahoo.gr","cancellations","es","2025-06-07 16:17:00","2025-06-07 16:22:23","323","AGT-004","virtual_assistant","I want to cancel my subscription. This is Carlos Konstantinidis, account carlos.konstantinidis@yahoo.gr. The service quality has been unacceptable and I've already contacted you three times about this issue."
"CALL-124","CUST-0068","Sofia Oikonomou","sofia.oikonomou@gmail.com","sales","el","2025-06-04 18:49:00","2025-06-04 18:52:05","185","AGT-008","chat","Hello, I'm Sofia Oikonomou and I'm interested in upgrading my plan. I currently have the basic package but I need more capacity. My email is sofia.oikonomou@gmail.com."
"CALL-125","CUST-0026","Pierre Papandreou","pierre.papandreou@yahoo.gr","billing","en","2025-06-08 16:47:00","2025-06-08 16:48:23","83","AGT-010","chat","Hi, this is Pierre Papandreou. I need help with a payment issue. The charge on my card ending in 7504 doesn't match what I expected. You can reach me at pierre.papandreou@yahoo.gr."
"CALL-126","CUST-0024","Isabel Papandreou","isabel.papandreou@gmail.com","cancellations","es","2025-06-11 12:29:00","2025-06-11 12:38:41","581","AGT-002","chat","Hi, my name is Isabel Papandreou and I'd like to terminate my contract. I'm moving to Patras and won't need the service anymore. Please process this as soon as possible. My number is +30 6911243818."
"CALL-127","CUST-0043","Aikaterini Makris","aikaterini.makris@proton.me","technical_support","en","2025-06-10 17:43:00","2025-06-10 17:47:02","242","AGT-006","chat","This is Aikaterini Makris calling from Berlin. My virtual assistant keeps disconnecting during calls. It's been happening since 2025-06-08. Contact me at aikaterini.makris@proton.me."
"CALL-128","CUST-0013","Aikaterini Vasileiou","aikaterini.vasileiou@otenet.gr","technical_support","en","2025-06-08 15:48:00","2025-06-08 15:53:18","318","AGT-007","virtual_assistant","Hello, my name is Aikaterini Vasileiou. The service has been down for two hours now. I need this resolved urgently. My reference number is CUST-0013 and you can call me at +30 6953433080."
"CALL-129","CUST-0047","Carlos Oikonomou","carlos.oikonomou@gmail.com","billing","el","2025-06-13 18:32:00","2025-06-13 18:38:03","363","AGT-003","virtual_assistant","Hello, my name is Carlos Oikonomou and I'm calling about my last invoice. I was charged 203 euros but my plan should be 167. My account email is carlos.oikonomou@gmail.com and my phone is +30 6999628735."
"CALL-130","CUST-0062","Dimitrios Makris","dimitrios.makris@proton.me","cancellations","el","2025-06-16 16:51:00","2025-06-16 16:55:28","268","AGT-009","chat","I want to cancel my subscription. This is Dimitrios Makris, account dimitrios.makris@proton.me. The service quality has been unacceptable and I've already contacted you three times about this issue."
"CALL-131","CUST-0010","Spyridon Nikolaou","spyridon.nikolaou@gmail.com","general","en","2025-06-05 10:20:00","2025-06-05 10:29:37","577","AGT-009","chat","This is Spyridon Nikolaou calling. I received a letter at my address in Thessaloniki about a service change. Can you explain what's happening? My account number is CUST-0010."
"CALL-132","CUST-0058","Hans Georgiou","hans.georgiou@otenet.gr","general","el","2025-06-02 16:29:00","2025-06-02 16:35:00","360","AGT-010","virtual_assistant","Hello, my name is Hans Georgiou. I just want to confirm my appointment scheduled for 2025-05-21. You can reach me at +30 6927709269 or hans.georgiou@otenet.gr."
"CALL-133","CUST-0075","Georgios Georgiou","georgios.georgiou@otenet.gr","billing","es","2025-06-03 15:02:00","2025-06-03 15:07:38","338","AGT-015","phone","I'd like to dispute a charge. My name is Georgios Georgiou, email georgios.georgiou@otenet.gr. The transaction on 2025-05-28 for 84 euros was not authorized by me."
"CALL-134","CUST-0058","Ahmed Stavridis","ahmed.stavridis@otenet.gr","general","en","2025-06-12 09:11:00","2025-06-12 09:20:55","595","AGT-014","chat","This is Ahmed Stavridis calling. I received a letter at my address in Patras about a service change. Can you explain what's happening? My account number is CUST-0058."
"CALL-135","CUST-0070","Evangelia Mueller","evangelia.mueller@otenet.gr","technical_support","el","2025-06-09 11:59:00","2025-06-09 12:01:40","160","AGT-003","virtual_assistant","Hi, I'm Evangelia Mueller and I can't log into my account. I've tried resetting my password at evangelia.mueller@otenet.gr but I'm not receiving the reset link. My phone number is +30 6940824989."
"CALL-136","CUST-0013","Chrysoula Georgiou","chrysoula.georgiou@otenet.gr","billing","en","2025-06-13 15:14:00","2025-06-13 15:23:57","597","AGT-001","chat","Hi, this is Chrysoula Georgiou. I need help with a payment issue. The charge on my card ending in 5739 doesn't match what I expected. You can reach me at chrysoula.georgiou@otenet.gr."
"CALL-137","CUST-0074","Panagiotis Silva","panagiotis.silva@company.com","technical_support","el","2025-06-17 11:26:00","2025-06-17 11:31:52","352","AGT-011","phone","Hello, my name is Panagiotis Silva. The service has been down for two hours now. I need this resolved urgently. My reference number is CUST-0074 and you can call me at +30 6953038943."
"CALL-138","CUST-0055","Paraskevi Martinez","paraskevi.martinez@gmail.com","sales","es","2025-06-14 14:09:00","2025-06-14 14:14:52","352","AGT-012","virtual_assistant","Hi there, this is Paraskevi Martinez from Patras. I'd like to get a quote for the enterprise solution. We have about 67 agents in our call center. Reach me at paraskevi.martinez@gmail.com."
"CALL-139","CUST-0039","Ahmed Vasileiou","ahmed.vasileiou@otenet.gr","general","el","2025-06-17 10:24:00","2025-06-17 10:28:53","293","AGT-009","virtual_assistant","This is Ahmed Vasileiou calling. I received a letter at my address in Heraklion about a service change. Can you explain what's happening? My account number is CUST-0039."
"CALL-140","CUST-0012","Paraskevi Papadimitriou","paraskevi.papadimitriou@gmail.com","sales","es","2025-06-02 09:12:00","2025-06-02 09:16:27","267","AGT-010","chat","Hi there, this is Paraskevi Papadimitriou from Heraklion. I'd like to get a quote for the enterprise solution. We have about 58 agents in our call center. Reach me at paraskevi.papadimitriou@gmail.com."
"CALL-141","CUST-0016","Isabel Martinez","isabel.martinez@outlook.com","technical_support","el","2025-06-11 12:24:00","2025-06-11 12:32:42","522","AGT-009","phone","Hello, my name is Isabel Martinez. The service has been down for two hours now. I need this resolved urgently. My reference number is CUST-0016 and you can call me at +30 6991121400."
"CALL-142","CUST-0013","Hans Martinez","hans.martinez@yahoo.gr","cancellations","el","2025-06-19 11:47:00","2025-06-19 11:50:14","194","AGT-001","virtual_assistant","I want to cancel my subscription. This is Hans Martinez, account hans.martinez@yahoo.gr. The service quality has been unacceptable and I've already contacted you three times about this issue."
"CALL-143","CUST-0026","Panagiotis Oikonomou","panagiotis.oikonomou@otenet.gr","technical_support","el","2025-06-11 12:48:00","2025-06-11 12:57:05","545","AGT-011","chat","I'm experiencing audio quality issues during my calls. I'm Panagiotis Oikonomou, customer ID CUST-0026. The problem started after the last update on 2025-06-08."
"CALL-144","CUST-0070","Despoina Alexopoulos","despoina.alexopoulos@company.com","billing","es","2025-06-03 18:03:00","2025-06-03 18:03:51","51","AGT-014","phone","I'd like to dispute a charge. My name is Despoina Alexopoulos, email despoina.alexopoulos@company.com. The transaction on 2025-05-22 for 337 euros was not authorized by me."
"CALL-145","CUST-0002","Ioannis Dubois","ioannis.dubois@otenet.gr","billing","es","2025-06-20 15:42:00","2025-06-20 15:51:04","544","AGT-011","chat","Hello, my name is Ioannis Dubois and I'm calling about my last invoice. I was charged 287 euros but my plan should be 151. My account email is ioannis.dubois@otenet.gr and my phone is +30 6960090149."
"CALL-146","CUST-0068","Isabel Karagiannis","isabel.karagiannis@company.com","billing","es","2025-06-14 10:06:00","2025-06-14 10:08:23","143","AGT-011","chat","Hi, this is Isabel Karagiannis. I need help with a payment issue. The charge on my card ending in 9625 doesn't match what I expected. You can reach me at isabel.karagiannis@company.com."
"CALL-147","CUST-0035","Hans Stavridis","hans.stavridis@gmail.com","sales","el","2025-06-08 12:43:00","2025-06-08 12:45:07","127","AGT-004","chat","I was referred by a colleague to look into your virtual assistant solution. My name is Hans Stavridis, I'm the IT manager at a mid-size company. My contact is +30 6960070135."
"CALL-148","CUST-0061","Maria Papadopoulos","maria.papadopoulos@proton.me","billing","el","2025-06-11 17:54:00","2025-06-11 17:56:22","142","AGT-011","virtual_assistant","Hello, my name is Maria Papadopoulos and I'm calling about my last invoice. I was charged 123 euros but my plan should be 187. My account email is maria.papadopoulos@proton.me and my phone is +30 6933002714."
"CALL-149","CUST-0010","Laura Karagiannis","laura.karagiannis@company.com","billing","en","2025-06-07 17:09:00","2025-06-07 17:16:32","452","AGT-001","virtual_assistant","Hello, my name is Laura Karagiannis and I'm calling about my last invoice. I was charged 98 euros but my plan should be 154. My account email is laura.karagiannis@company.com and my phone is +30 6985633013."
"CALL-150","CUST-0070","Panagiotis Stavridis","panagiotis.stavridis@proton.me","billing","es","2025-06-02 09:27:00","2025-06-02 09:31:42","282","AGT-006","chat","Hello, my name is Panagiotis Stavridis and I'm calling about my last invoice. I was charged 324 euros but my plan should be 167. My account email is panagiotis.stavridis@proton.me and my phone is +30 6928783850."
"CALL-151","CUST-0004","Marco Karagiannis","marco.karagiannis@otenet.gr","technical_support","el","2025-06-14 10:43:00","2025-06-14 10:50:14","434","AGT-007","chat","Hi, I'm Marco Karagiannis and I can't log into my account. I've tried resetting my password at marco.karagiannis@otenet.gr but I'm not receiving the reset link. My phone number is +30 6975847681."
"CALL-152","CUST-0020","Christos Vasileiou","christos.vasileiou@proton.me","cancellations","el","2025-06-01 12:28:00","2025-06-01 12:34:53","413","AGT-002","phone","Hi, my name is Christos Vasileiou and I'd like to terminate my contract. I'm moving to Thessaloniki and won't need the service anymore. Please process this as soon as possible. My number is +30 6962294176."
"CALL-153","CUST-0072","Paraskevi Dubois","paraskevi.dubois@otenet.gr","billing","en","2025-06-03 17:38:00","2025-06-03 17:44:17","377","AGT-009","virtual_assistant","I'd like to dispute a charge. My name is Paraskevi Dubois, email paraskevi.dubois@otenet.gr. The transaction on 2025-05-21 for 164 euros was not authorized by me."
"CALL-154","CUST-0072","Sofia Silva","sofia.silva@company.com","sales","en","2025-06-10 12:31:00","2025-06-10 12:34:14","194","AGT-005","phone","Hello, I'm Sofia Silva and I'm interested in upgrading my plan. I currently have the basic package but I need more capacity. My email is sofia.silva@company.com."
"CALL-155","CUST-0010","Vasiliki Karagiannis","vasiliki.karagiannis@outlook.com","sales","es","2025-06-15 09:08:00","2025-06-15 09:13:56","356","AGT-004","chat","Hello, I'm Vasiliki Karagiannis and I'm interested in upgrading my plan. I currently have the basic package but I need more capacity. My email is vasiliki.karagiannis@outlook.com."
"CALL-156","CUST-0057","Panagiotis Theodoridis","panagiotis.theodoridis@proton.me","technical_support","el","2025-06-07 15:20:00","2025-06-07 15:23:46","226","AGT-010","virtual_assistant","I'm experiencing audio quality issues during my calls. I'm Panagiotis Theodoridis, customer ID CUST-0057. The problem started after the last update on 2025-05-28."
"CALL-157","CUST-0042","Christos Karagiannis","christos.karagiannis@otenet.gr","billing","es","2025-06-18 10:43:00","2025-06-18 10:44:12","72","AGT-010","phone","I'd like to dispute a charge. My name is Christos Karagiannis, email christos.karagiannis@otenet.gr. The transaction on 2025-06-04 for 239 euros was not authorized by me."
"CALL-158","CUST-0064","Dimitrios Papandreou","dimitrios.papandreou@outlook.com","technical_support","es","2025-06-13 09:28:00","2025-06-13 09:36:55","535","AGT-013","virtual_assistant","I'm experiencing audio quality issues during my calls. I'm Dimitrios Papandreou, customer ID CUST-0064. The problem started after the last update on 2025-06-01."
"CALL-159","CUST-0077","Marco Konstantinidis","marco.konstantinidis@gmail.com","cancellations","en","2025-06-02 17:41:00","2025-06-02 17:48:34","454","AGT-010","chat","Hi, my name is Marco Konstantinidis and I'd like to terminate my contract. I'm moving to Berlin and won't need the service anymore. Please process this as soon as possible. My number is +30 6943316996."
"CALL-160","CUST-0066","Isabel Dubois","isabel.dubois@company.com","general","en","2025-06-13 15:49:00","2025-06-13 15:58:17","557","AGT-006","virtual_assistant","Hi, I'm Isabel Dubois and I have a question about my account settings. My email on file is isabel.dubois@company.com and I'd like to verify my details are correct."
"CALL-161","CUST-0011","Eleni Vasileiou","eleni.vasileiou@yahoo.gr","cancellations","el","2025-06-16 13:30:00","2025-06-16 13:32:24","144","AGT-009","phone","Hi, my name is Eleni Vasileiou and I'd like to terminate my contract. I'm moving to Paris and won't need the service anymore. Please process this as soon as possible. My number is +30 6951861213."
"CALL-162","CUST-0015","Nikolaos Christodoulou","nikolaos.christodoulou@proton.me","technical_support","es","2025-06-06 16:10:00","2025-06-06 16:16:23","383","AGT-009","phone","I'm experiencing audio quality issues during my calls. I'm Nikolaos Christodoulou, customer ID CUST-0015. The problem started after the last update on 2025-06-03."
"CALL-163","CUST-0056","Christos Papadopoulos","christos.papadopoulos@proton.me","technical_support","el","2025-06-13 08:45:00","2025-06-13 08:49:24","264","AGT-007","chat","This is Christos Papadopoulos calling from Larissa. My virtual assistant keeps disconnecting during calls. It's been happening since 2025-05-31. Contact me at christos.papadopoulos@proton.me."
"CALL-164","CUST-0024","Vasiliki Christodoulou","vasiliki.christodoulou@outlook.com","billing","el","2025-06-16 16:40:00","2025-06-16 16:46:05","365","AGT-014","chat","I'd like to dispute a charge. My name is Vasiliki Christodoulou, email vasiliki.christodoulou@outlook.com. The transaction on 2025-06-10 for 315 euros was not authorized by me."
"CALL-165","CUST-0080","Aikaterini Papandreou","aikaterini.papandreou@company.com","billing","es","2025-06-04 11:19:00","2025-06-04 11:21:44","164","AGT-006","phone","Hi, this is Aikaterini Papandreou. I need help with a payment issue. The charge on my card ending in 7364 doesn't match what I expected. You can reach me at aikaterini.papandreou@company.com."
"CALL-166","CUST-0018","Spyridon Stavridis","spyridon.stavridis@otenet.gr","sales","es","2025-06-21 10:35:00","2025-06-21 10:38:35","215","AGT-012","chat","Hi there, this is Spyridon Stavridis from Larissa. I'd like to get a quote for the enterprise solution. We have about 125 agents in our call center. Reach me at spyridon.stavridis@otenet.gr."
"CALL-167","CUST-0080","Maria Antoniadis","maria.antoniadis@gmail.com","technical_support","en","2025-06-17 18:31:00","2025-06-17 18:38:43","463","AGT-009","virtual_assistant","I'm experiencing audio quality issues during my calls. I'm Maria Antoniadis, customer ID CUST-0080. The problem started after the last update on 2025-06-15."
"CALL-168","CUST-0004","Hans Oikonomou","hans.oikonomou@yahoo.gr","cancellations","en","2025-06-06 15:36:00","2025-06-06 15:45:12","552","AGT-005","chat","I'm calling to cancel. I'm Hans Oikonomou, and frankly I'm very angry about the service. I want to speak to a manager. My account is under hans.oikonomou@yahoo.gr."
"CALL-169","CUST-0047","Paraskevi Georgiou","paraskevi.georgiou@proton.me","general","en","2025-06-21 11:19:00","2025-06-21 11:20:18","78","AGT-002","virtual_assistant","This is Paraskevi Georgiou calling. I received a letter at my address in Larissa about a service change. Can you explain what's happening? My account number is CUST-0047."
"CALL-170","CUST-0031","Ioannis Silva","ioannis.silva@proton.me","general","es","2025-06-20 10:50:00","2025-06-20 10:54:16","256","AGT-003","virtual_assistant","Hi, I'm Ioannis Silva and I have a question about my account settings. My email on file is ioannis.silva@proton.me and I'd like to verify my details are correct."
"CALL-171","CUST-0069","Aikaterini Christodoulou","aikaterini.christodoulou@proton.me","cancellations","es","2025-06-17 18:52:00","2025-06-17 18:54:22","142","AGT-014","virtual_assistant","I want to cancel my subscription. This is Aikaterini Christodoulou, account aikaterini.christodoulou@proton.me. The service quality has been unacceptable and I've already contacted you three times about this issue."
"CALL-172","CUST-0032","Dimitrios Christodoulou","dimitrios.christodoulou@outlook.com","sales","en","2025-06-09 18:26:00","2025-06-09 18:33:09","429","AGT-011","chat","Hi there, this is Dimitrios Christodoulou from Thessaloniki. I'd like to get a quote for the enterprise solution. We have about 81 agents in our call center. Reach me at dimitrios.christodoulou@outlook.com."
"CALL-173","CUST-0048","Alexandros Martinez","alexandros.martinez@yahoo.gr","billing","es","2025-06-15 18:42:00","2025-06-15 18:48:51","411","AGT-012","phone","Hello, my name is Alexandros Martinez and I'm calling about my last invoice. I was charged 126 euros but my plan should be 119. My account email is alexandros.martinez@yahoo.gr and my phone is +30 6988108751."
"CALL-174","CUST-0042","Fatima Papandreou","fatima.papandreou@yahoo.gr","general","en","2025-06-16 13:57:00","2025-06-16 13:58:34","94","AGT-014","chat","Hi, I'm Fatima Papandreou and I have a question about my account settings. My email on file is fatima.papandreou@yahoo.gr and I'd like to verify my details are correct."
"CALL-175","CUST-0057","Alexandros Papadopoulos","alexandros.papadopoulos@otenet.gr","technical_support","es","2025-06-09 09:41:00","2025-06-09 09:47:54","414","AGT-003","virtual_assistant","Hello, my name is Alexandros Papadopoulos. The service has been down for two hours now. I need this resolved urgently. My reference number is CUST-0057 and you can call me at +30 6937154689."
"CALL-176","CUST-0040","Isabel Oikonomou","isabel.oikonomou@otenet.gr","billing","es","2025-06-07 15:04:00","2025-06-07 15:07:00","180","AGT-001","phone","Hi, this is Isabel Oikonomou. I need help with a payment issue. The charge on my card ending in 6629 doesn't match what I expected. You can reach me at isabel.oikonomou@otenet.gr."
"CALL-177","CUST-0055","Carlos Vasileiou","carlos.vasileiou@otenet.gr","technical_support","el","2025-06-04 09:20:00","2025-06-04 09:27:01","421","AGT-012","phone","Hello, my name is Carlos Vasileiou. The service has been down for two hours now. I need this resolved urgently. My reference number is CUST-0055 and you can call me at +30 6919506414."
"CALL-178","CUST-0073","Nikolaos Hassan","nikolaos.hassan@proton.me","sales","el","2025-06-21 10:58:00","2025-06-21 11:05:46","466","AGT-004","chat","I was referred by a colleague to look into your virtual assistant solution. My name is Nikolaos Hassan, I'm the IT manager at a mid-size company. My contact is +30 6932027350."
"CALL-179","CUST-0076","Isabel Stavridis","isabel.stavridis@yahoo.gr","cancellations","en","2025-06-21 09:15:00","2025-06-21 09:20:36","336","AGT-005","phone","I'm calling to cancel. I'm Isabel Stavridis, and frankly I'm very angry about the service. I want to speak to a manager. My account is under isabel.stavridis@yahoo.gr."
"CALL-180","CUST-0025","Isabel Stavridis","isabel.stavridis@yahoo.gr","billing","en","2025-06-04 11:31:00","2025-06-04 11:32:57","117","AGT-007","virtual_assistant","Hello, my name is Isabel Stavridis and I'm calling about my last invoice. I was charged 177 euros but my plan should be 43. My account email is isabel.stavridis@yahoo.gr and my phone is +30 6996727439."
"CALL-181","CUST-0054","Vasiliki Mueller","vasiliki.mueller@proton.me","sales","en","2025-06-03 08:16:00","2025-06-03 08:20:25","265","AGT-010","phone","Hello, I'm Vasiliki Mueller and I'm interested in upgrading my plan. I currently have the basic package but I need more capacity. My email is vasiliki.mueller@proton.me."
"CALL-182","CUST-0065","Pierre Theodoridis","pierre.theodoridis@otenet.gr","billing","es","2025-06-20 10:17:00","2025-06-20 10:19:10","130","AGT-009","chat","Good morning, I'm Pierre Theodoridis from Thessaloniki. I received a duplicate charge of 276 euros on my account. My customer number is CUST-0065 and my contact is +30 6963992760."
"CALL-183","CUST-0051","Spyridon Konstantinidis","spyridon.konstantinidis@yahoo.gr","technical_support","en","2025-06-14 09:29:00","2025-06-14 09:30:41","101","AGT-002","phone","Hello, my name is Spyridon Konstantinidis. The service has been down for two hours now. I need this resolved urgently. My reference number is CUST-0051 and you can call me at +30 6968718382."
"CALL-184","CUST-0021","Despoina Antoniadis","despoina.antoniadis@company.com","cancellations","en","2025-06-09 09:49:00","2025-06-09 09:50:15","75","AGT-003","virtual_assistant","Hi, my name is Despoina Antoniadis and I'd like to terminate my contract. I'm moving to Berlin and won't need the service anymore. Please process this as soon as possible. My number is +30 6979420474."
"CALL-185","CUST-0074","Marco Konstantinidis","marco.konstantinidis@otenet.gr","general","el","2025-06-19 10:23:00","2025-06-19 10:26:26","206","AGT-008","phone","This is Marco Konstantinidis calling. I received a letter at my address in Thessaloniki about a service change. Can you explain what's happening? My account number is CUST-0074."
"CALL-186","CUST-0066","Nikolaos Georgiou","nikolaos.georgiou@gmail.com","billing","el","2025-06-05 10:59:00","2025-06-05 11:00:21","81","AGT-007","virtual_assistant","I'd like to dispute a charge. My name is Nikolaos Georgiou, email nikolaos.georgiou@gmail.com. The transaction on 2025-05-24 for 179 euros was not authorized by me."
"CALL-187","CUST-0035","Fatima Konstantinidis","fatima.konstantinidis@company.com","billing","es","2025-06-02 10:14:00","2025-06-02 10:23:33","573","AGT-015","chat","Hello, my name is Fatima Konstantinidis and I'm calling about my last invoice. I was charged 50 euros but my plan should be 129. My account email is fatima.konstantinidis@company.com and my phone is +30 6960037465."
"CALL-188","CUST-0042","Georgios Mueller","georgios.mueller@otenet.gr","cancellations","en","2025-06-10 17:15:00","2025-06-10 17:23:40","520","AGT-010","virtual_assistant","Hi, my name is Georgios Mueller and I'd like to terminate my contract. I'm moving to Paris and won't need the service anymore. Please process this as soon as possible. My number is +30 6911069604."
"CALL-189","CUST-0020","Nikolaos Theodoridis","nikolaos.theodoridis@gmail.com","general","el","2025-06-01 13:00:00","2025-06-01 13:07:10","430","AGT-014","chat","Hello, my name is Nikolaos Theodoridis. I just want to confirm my appointment scheduled for 2025-05-28. You can reach me at +30 6941272427 or nikolaos.theodoridis@gmail.com."
"CALL-190","CUST-0063","Maria Vasileiou","maria.vasileiou@proton.me","billing","en","2025-06-17 14:44:00","2025-06-17 14:51:06","426","AGT-015","phone","I'd like to dispute a charge. My name is Maria Vasileiou, email maria.vasileiou@proton.me. The transaction on 2025-06-14 for 312 euros was not authorized by me."
"CALL-191","CUST-0051","Georgios Silva","georgios.silva@company.com","sales","es","2025-06-10 12:54:00","2025-06-10 13:00:07","367","AGT-004","phone","Hi there, this is Georgios Silva from Madrid. I'd like to get a quote for the enterprise solution. We have about 29 agents in our call center. Reach me at georgios.silva@company.com."
"CALL-192","CUST-0026","Dimitrios Silva","dimitrios.silva@gmail.com","billing","en","2025-06-11 14:07:00","2025-06-11 14:16:53","593","AGT-008","virtual_assistant","Good morning, I'm Dimitrios Silva from Heraklion. I received a duplicate charge of 246 euros on my account. My customer number is CUST-0026 and my contact is +30 6930858851."
"CALL-193","CUST-0012","Aikaterini Papandreou","aikaterini.papandreou@proton.me","billing","en","2025-06-03 11:22:00","2025-06-03 11:29:30","450","AGT-003","virtual_assistant","Hello, my name is Aikaterini Papandreou and I'm calling about my last invoice. I was charged 148 euros but my plan should be 54. My account email is aikaterini.papandreou@proton.me and my phone is +30 6990973889."
"CALL-194","CUST-0072","Isabel Mueller","isabel.mueller@outlook.com","sales","en","2025-06-01 08:53:00","2025-06-01 08:57:32","272","AGT-002","phone","Hello, I'm Isabel Mueller and I'm interested in upgrading my plan. I currently have the basic package but I need more capacity. My email is isabel.mueller@outlook.com."
"CALL-195","CUST-0034","Fatima Konstantinidis","fatima.konstantinidis@gmail.com","technical_support","es","2025-06-05 09:57:00","2025-06-05 10:03:24","384","AGT-013","virtual_assistant","Hi, I'm Fatima Konstantinidis and I can't log into my account. I've tried resetting my password at fatima.konstantinidis@gmail.com but I'm not receiving the reset link. My phone number is +30 6918653290."
"CALL-196","CUST-0051","Despoina Papadopoulos","despoina.papadopoulos@otenet.gr","technical_support","el","2025-06-06 12:17:00","2025-06-06 12:25:21","501","AGT-015","phone","This is Despoina Papadopoulos calling from Athens. My virtual assistant keeps disconnecting during calls. It's been happening since 2025-05-26. Contact me at despoina.papadopoulos@otenet.gr."
"CALL-197","CUST-0064","Evangelia Mueller","evangelia.mueller@otenet.gr","billing","el","2025-06-14 11:41:00","2025-06-14 11:50:43","583","AGT-003","virtual_assistant","Hi, this is Evangelia Mueller. I need help with a payment issue. The charge on my card ending in 6883 doesn't match what I expected. You can reach me at evangelia.mueller@otenet.gr."
"CALL-198","CUST-0063","Vasiliki Silva","vasiliki.silva@company.com","sales","el","2025-06-11 17:14:00","2025-06-11 17:15:15","75","AGT-001","phone","Hi there, this is Vasiliki Silva from Athens. I'd like to get a quote for the enterprise solution. We have about 159 agents in our call center. Reach me at vasiliki.silva@company.com."
"CALL-199","CUST-0030","Aikaterini Nikolaou","aikaterini.nikolaou@outlook.com","technical_support","el","2025-06-02 11:36:00","2025-06-02 11:43:22","442","AGT-014","chat","Hello, my name is Aikaterini Nikolaou. The service has been down for two hours now. I need this resolved urgently. My reference number is CUST-0030 and you can call me at +30 6998162850."
"CALL-200","CUST-0046","Spyridon Papadopoulos","spyridon.papadopoulos@proton.me","general","es","2025-06-07 15:34:00","2025-06-07 15:40:01","361","AGT-010","phone","Hi, I'm Spyridon Papadopoulos and I have a question about my account settings. My email on file is spyridon.papadopoulos@proton.me and I'd like to verify my details are correct."
